customer_state,revenue,orders,avg_ticket
SP,3770068.46,38711,97.39010772131952
RJ,1206964.69,12356,97.68247733894464
MG,1003106.05,10121,99.11135757336233
RS,663087.6,6669,99.42834008097165
PR,648083.52,6602,98.16472584065436
SC,466764.19,4695,99.41729286474974
BA,371622.17,3843,96.70105906843611
CE,355798.18,3581,99.35721306897514
PE,353701.21,3598,98.30494997220678
GO,274903.16,2838,96.86510218463705
